Date,MO,YEAR,Location,MinTemp,MaxTemp,Rainfall,Evaporation,Sunshine,WindGustDir,WindGustSpeed,WindDir9am,WindDir3pm,WindSpeed9am,WindSpeed3pm,Humidity9am,Humidity3pm,Pressure9am,Pressure3pm,Cloud9am,Cloud3pm,Temp9am,Temp3pm
1,1,2021,Hatyai,24.34,27.35,0.6,NA,NA,W,44,W,WNW,4.36,4.93,17.52,85.5,100.51,100.4,8,NA,25.56,27.4
2,1,2021,Hatyai,24.22,26.87,0,NA,NA,WNW,44,NNW,WSW,4.33,5.98,17.33,86.19,100.57,100.48,NA,NA,26.33,28.03
3,1,2021,Hatyai,24.43,27.33,0,NA,NA,WSW,46,W,WSW,3.7,7.12,18.13,88.62,100.6,100.5,NA,2,26.88,28.46
4,1,2021,Hatyai,24.49,27.44,0,NA,NA,NE,24,SE,E,3.56,7.76,18.55,90.69,100.59,100.47,NA,NA,27.3,28.65
5,1,2021,Hatyai,24.55,28.02,1,NA,NA,W,41,ENE,NW,3.46,7.94,19.04,90.88,100.54,100.4,7,8,27.35,28.64
6,1,2021,Hatyai,25.08,27.66,0.2,NA,NA,WNW,56,W,W,3.84,7.86,18.92,89.81,100.46,100.32,NA,NA,27.29,28.43
7,1,2021,Hatyai,24.9,27.76,0,NA,NA,W,50,SW,W,4.06,7.75,18.74,88.75,100.36,100.21,1,NA,27.2,28.05
8,1,2021,Hatyai,24.92,28.19,0,NA,NA,W,35,SSE,W,4.03,7.53,18.62,86.94,100.3,100.13,NA,NA,26.96,27.5
9,1,2021,Hatyai,24.58,27.95,0,NA,NA,NNW,80,SE,NW,4.05,7.28,18.31,87.38,100.28,100.1,NA,NA,26.66,26.68
10,1,2021,Hatyai,24.01,27.05,1.4,NA,NA,W,28,S,SSE,3.35,6.8,18.19,89.5,100.31,100.12,NA,NA,26.2,25.57
11,1,2021,Hatyai,24.19,27.4,0,NA,NA,N,30,SSE,ESE,3.5,6.22,18.01,88.12,100.37,100.17,NA,NA,25.58,25.19
12,1,2021,Hatyai,23.9,27.33,2.2,NA,NA,NNE,31,NE,ENE,4.27,5.65,17.15,86,100.45,100.23,8,8,24.95,24.96
13,1,2021,Hatyai,23.25,27.16,15.6,NA,NA,W,61,NNW,NNW,3.6,5.45,16.54,84.12,100.53,100.32,8,8,24.84,24.78
14,1,2021,Hatyai,23.48,27.62,3.6,NA,NA,SW,44,W,SSW,3.15,5.37,16.66,83.19,100.58,100.39,NA,7,24.83,24.6
15,1,2021,Hatyai,23.14,27.67,0,NA,NA,NA,NA,S,WNW,2.97,5.36,16.3,81.88,100.58,100.41,NA,NA,24.82,24.43
16,1,2021,Hatyai,23.19,27.47,NA,NA,NA,WNW,50,NA,WNW,3.11,5.21,16.72,84.5,100.57,100.39,0,NA,24.76,24.29
17,1,2021,Hatyai,23.33,27.52,0,NA,NA,ENE,22,SSW,E,3.81,5.23,17.09,85.56,100.54,100.37,8,1,24.65,24.19
18,1,2021,Hatyai,23.4,26.81,16.8,NA,NA,W,63,N,WNW,4.2,5.17,16.48,83.69,100.49,100.33,8,1,24.52,24.21
19,1,2021,Hatyai,22.58,27.12,10.6,NA,NA,SSE,43,WSW,SW,3.05,4.9,15.99,83.31,100.41,100.27,NA,2,24.38,24.24
20,1,2021,Hatyai,22.74,27.48,0,NA,NA,SSE,26,SE,NNW,2.57,4.64,16.3,84.06,100.33,100.23,NA,NA,24.23,24.21
21,1,2021,Hatyai,23.2,28.08,0,NA,NA,S,24,SE,SE,2.09,4.71,16.36,81.62,100.31,100.23,NA,NA,24.22,24.19
22,1,2021,Hatyai,23.59,28.37,0,NA,NA,NE,43,NE,N,2.01,4.78,16.42,80.19,100.32,100.26,NA,1,24.25,24.43
23,1,2021,Hatyai,23.38,28.05,0,NA,NA,WNW,41,W,W,2.32,4.91,17.09,84.44,100.36,100.32,NA,NA,24.27,25.97
24,1,2021,Hatyai,23.01,28.17,0,NA,NA,N,33,ESE,NW,2.66,5.11,17.7,87.44,100.43,100.4,5,NA,24.38,26.86
25,1,2021,Hatyai,23.48,27.9,0,NA,NA,W,43,E,W,2.8,5.55,17.15,85.12,100.52,100.5,NA,NA,25.13,27.65
26,1,2021,Hatyai,23.12,27.96,0,NA,NA,WSW,35,SE,WSW,2.84,5.98,17.27,86.25,100.59,100.59,NA,1,25.88,28.24
27,1,2021,Hatyai,23.68,28.15,0,NA,NA,WSW,57,NA,W,3.26,6.63,18.01,87.5,100.62,100.61,NA,1,26.39,28.63
28,1,2021,Hatyai,23.88,28.62,0,NA,NA,WNW,48,N,WNW,3.25,7.09,17.94,86.38,100.6,100.58,NA,NA,26.65,28.84
29,1,2021,Hatyai,23.29,28.18,0,NA,NA,WNW,46,NW,WSW,3.45,7.56,17.27,86.06,100.55,100.51,NA,NA,26.87,28.9
30,1,2021,Hatyai,23.55,27.84,1.2,NA,NA,WNW,50,WSW,SW,3.27,7.81,16.78,83.62,100.46,100.43,8,8,26.84,28.75
31,1,2021,Hatyai,23.23,27.69,0.8,NA,NA,W,39,WNW,WNW,3.38,7.84,17.21,86.12,100.34,100.33,1,NA,26.72,28.4
1,2,2021,Hatyai,24.01,28.09,0,NA,NA,WNW,56,W,WNW,3.61,7.52,17.7,86.56,100.27,100.26,NA,NA,26.57,27.83
2,2,2021,Hatyai,23.56,28.32,0,NA,NA,W,41,WSW,SSW,3.08,7.19,17.76,87.25,100.25,100.25,NA,NA,26.35,26.95
3,2,2021,Hatyai,23.23,27.93,0,NA,NA,SSE,26,SSE,E,3.28,6.56,17.46,87.31,100.28,100.27,NA,NA,25.92,25.63
4,2,2021,Hatyai,22.31,27.67,0,NA,NA,WNW,37,SSE,NW,3.51,5.76,16.91,86.44,100.34,100.32,NA,NA,25.3,25.18
5,2,2021,Hatyai,23.24,28.13,0,NA,NA,WNW,41,ENE,NW,3.3,5.34,17.03,84.31,100.4,100.41,NA,NA,24.81,24.87
6,2,2021,Hatyai,23.28,28.61,0,NA,NA,W,52,SE,WNW,3.26,5.34,17.52,85.81,100.48,100.53,NA,NA,24.73,24.65
7,2,2021,Hatyai,22.64,28.77,0,NA,NA,W,57,E,W,3,5.31,17.64,86.81,100.54,100.63,NA,NA,24.65,24.44
8,2,2021,Hatyai,23.26,28.51,0,NA,NA,W,48,W,WSW,3.06,5.11,18.13,88.44,100.56,100.67,NA,NA,24.58,24.19
9,2,2021,Hatyai,23.04,29.1,0,NA,NA,NE,37,SSE,S,2.62,4.82,18.07,87.44,100.53,100.65,NA,NA,24.53,23.94
10,2,2021,Hatyai,23.81,28.73,0,NA,NA,NE,37,NNE,E,2.64,4.57,17.82,85.56,100.49,100.61,NA,NA,24.5,23.7
11,2,2021,Hatyai,24.27,28.65,0,NA,NA,S,31,SSE,N,2.77,4.4,18.19,86.56,100.41,100.56,NA,NA,24.52,23.56
12,2,2021,Hatyai,24.19,28.9,0,NA,NA,SW,35,SE,WSW,2.93,4.25,17.94,85.38,100.34,100.48,NA,NA,24.5,23.44
13,2,2021,Hatyai,23.33,28.73,0,NA,NA,NNW,35,SE,NW,2.8,4.19,17.52,85.94,100.3,100.43,NA,NA,24.48,23.33
14,2,2021,Hatyai,23.09,28.54,0,NA,NA,NW,39,SSE,SSW,2.8,4.11,16.91,84.06,100.29,100.4,NA,NA,24.43,23.36
15,2,2021,Hatyai,21.95,28.62,0,NA,NA,WNW,44,W,W,2.73,4.24,16.48,84,100.31,100.41,NA,NA,24.44,23.64
16,2,2021,Hatyai,22.05,28.23,0,NA,NA,SW,56,WSW,SW,3.12,4.47,16.3,83.56,100.35,100.45,NA,NA,24.49,25.4
17,2,2021,Hatyai,21.12,28.14,0,NA,NA,SE,33,SE,SW,3.51,4.64,15.75,82.25,100.43,100.53,NA,NA,24.61,26.35
18,2,2021,Hatyai,21.58,27.54,0,NA,NA,WNW,28,ENE,SSW,4.36,5.22,15.75,82.06,100.51,100.64,NA,NA,25.19,27.2
19,2,2021,Hatyai,22.41,27.55,0,NA,NA,WNW,39,SSE,NNE,4.89,5.79,15.5,78.69,100.56,100.73,NA,NA,25.81,27.9
20,2,2021,Hatyai,23.21,27.33,0,NA,NA,NNW,61,SSE,WNW,4.61,6.4,15.99,80.62,100.58,100.76,NA,NA,26.27,28.4
21,2,2021,Hatyai,22.6,27.94,0.8,NA,NA,NNW,61,NE,WSW,3.81,6.56,15.75,81,100.55,100.74,NA,NA,26.63,28.68
22,2,2021,Hatyai,21.47,28.34,0.6,NA,NA,NW,98,N,NNW,3.07,6.5,15.56,80.94,100.47,100.69,4,1,27.05,28.73
23,2,2021,Hatyai,21.4,28.5,6.4,NA,NA,WNW,52,S,NW,2.45,6.42,15.38,79.75,100.37,100.58,NA,NA,27.33,28.55
24,2,2021,Hatyai,21.31,29.23,0,NA,NA,W,54,W,W,2.04,6.25,15.81,80.69,100.27,100.47,NA,NA,27.33,28.16
25,2,2021,Hatyai,22.49,30.09,0,NA,NA,WSW,24,ESE,SSE,1.32,6.05,15.99,75.06,100.21,100.37,NA,NA,27.15,27.55
26,2,2021,Hatyai,22.18,30.36,0,NA,NA,S,33,SSE,WSW,2.09,5.73,16.24,78.69,100.2,100.35,NA,NA,26.83,26.58
27,2,2021,Hatyai,21.79,30.08,0,NA,NA,NNE,31,SE,NNW,1.88,5.14,16.85,80.12,100.24,100.36,NA,NA,26.3,25.05
28,2,2021,Hatyai,23.49,30.34,0,NA,NA,N,37,E,NNE,1.7,4.49,17.33,80,100.31,100.39,NA,NA,25.64,24.57
1,3,2021,Hatyai,23.73,29.37,0,NA,NA,SW,24,ESE,S,2.39,4.21,17.7,84,100.4,100.43,NA,NA,25.08,24.25
2,3,2021,Hatyai,23.38,29.2,0,NA,NA,NNE,28,ESE,SE,2.62,4.19,17.88,85.5,100.47,100.49,NA,NA,24.94,24.03
3,3,2021,Hatyai,23.94,29.63,0,NA,NA,ESE,48,ESE,SW,3.09,4.08,18.07,83.88,100.52,100.55,NA,NA,24.89,23.85
4,3,2021,Hatyai,24.73,28.99,0,NA,NA,SW,83,SE,E,3.76,3.93,18.8,87.06,100.53,100.56,NA,NA,24.83,23.65
5,3,2021,Hatyai,24.3,29.53,0.2,NA,NA,SW,56,NE,NW,3.48,3.94,17.88,83.19,100.51,100.54,NA,NA,24.82,23.58
6,3,2021,Hatyai,24.78,29.36,0,NA,NA,NA,NA,N,NA,3.03,3.99,18.07,83.19,100.47,100.54,NA,NA,24.81,23.49
7,3,2021,Hatyai,23.87,29.25,0,NA,NA,NA,NA,NA,NA,2.64,3.99,17.7,82.44,100.41,100.51,NA,NA,24.76,23.36
8,3,2021,Hatyai,24.2,28.16,0,NA,NA,WSW,35,SSE,S,2.93,4.01,17.58,84.94,100.34,100.48,NA,NA,24.68,23.23
9,3,2021,Hatyai,22.94,28.82,0,NA,NA,W,37,SE,W,2.9,4.13,17.21,83.94,100.27,100.43,NA,NA,24.65,23.15
10,3,2021,Hatyai,23.42,28.88,0,NA,NA,NNW,59,SE,NW,2.83,4.09,17.52,84.31,100.23,100.42,NA,NA,24.57,23.09
11,3,2021,Hatyai,23.98,29.21,0,NA,NA,NW,52,N,W,3.17,4.05,17.82,84.12,100.26,100.44,NA,5,24.51,23.32
12,3,2021,Hatyai,24.01,28.18,0.4,NA,NA,SE,37,SW,WSW,2.76,3.95,18.19,86.94,100.3,100.46,7,8,24.49,25.23
13,3,2021,Hatyai,23.73,29.15,0,NA,NA,SSE,41,SSE,SE,2.69,3.95,17.7,84.31,100.38,100.51,NA,1,24.58,26.13
14,3,2021,Hatyai,23.63,29.45,0,NA,NA,SSE,46,SSE,E,2.81,4.47,17.76,83.12,100.48,100.58,NA,NA,25.19,26.97
15,3,2021,Hatyai,23.48,29.4,0,NA,NA,SE,46,SSE,NE,3.05,4.92,17.4,83.19,100.55,100.65,2,8,25.58,27.69
16,3,2021,Hatyai,23.12,29.43,3,NA,NA,SSE,41,SE,SSE,2.91,5.42,17.33,84.06,100.56,100.67,NA,NA,25.83,28.18
17,3,2021,Hatyai,22.65,29.93,0,NA,NA,NE,39,S,NA,2.58,5.84,17.21,82.75,100.52,100.64,NA,NA,26.09,28.47
18,3,2021,Hatyai,22.96,29.75,0,NA,NA,NNE,41,SSE,SSW,2.39,6.07,17.15,82.19,100.44,100.58,NA,NA,26.45,28.54
19,3,2021,Hatyai,22.67,29.34,0,NA,NA,E,35,SE,ESE,2.33,6.29,16.91,82.62,100.34,100.48,NA,NA,26.95,28.4
20,3,2021,Hatyai,22.62,29.62,0,NA,NA,N,31,SSE,ENE,2.16,6.67,17.33,83.06,100.24,100.37,NA,NA,27.44,28.07
21,3,2021,Hatyai,23.58,30.37,0,NA,NA,NW,31,ENE,SW,2.24,6.92,18.07,82.88,100.18,100.28,NA,NA,27.4,27.51
22,3,2021,Hatyai,24.33,30.05,0,NA,NA,WSW,48,SE,WSW,3.32,6.9,18.74,85,100.18,100.25,NA,NA,27.05,26.51
23,3,2021,Hatyai,24.48,29.33,0,NA,NA,SSW,41,NNW,SSE,3.8,6.44,18.68,84.38,100.22,100.28,NA,NA,26.52,24.83
24,3,2021,Hatyai,25.7,29.41,0,NA,NA,SSE,28,SSE,S,3.7,5.33,19.23,85.81,100.29,100.36,NA,NA,25.8,24.33
25,3,2021,Hatyai,25.2,29.19,0,NA,NA,NW,31,S,WNW,3.03,4.29,19.41,87.12,100.38,100.44,NA,NA,25.11,24.07
26,3,2021,Hatyai,24.82,29,0,NA,NA,NW,70,SE,NW,3.08,3.98,19.17,87,100.47,100.52,NA,NA,24.98,23.88
27,3,2021,Hatyai,25.32,29.74,0,NA,NA,WNW,46,SW,WNW,2.86,3.71,19.29,85.75,100.53,100.61,6,7,24.92,23.72
28,3,2021,Hatyai,24.23,30.22,0,NA,NA,WNW,43,NA,WSW,2.41,3.42,19.1,85.88,100.55,100.65,7,7,24.83,23.48
29,3,2021,Hatyai,24.85,30.79,0,NA,NA,ESE,26,ESE,S,1.47,3.22,19.1,82.81,100.51,100.63,NA,NA,24.73,23.16
30,3,2021,Hatyai,25.47,31.09,0,NA,NA,W,24,NA,S,1.12,3.12,19.53,82.44,100.48,100.62,NA,NA,24.67,22.87
31,3,2021,Hatyai,25.67,31.26,0,NA,NA,WSW,44,E,NA,0.93,3.06,19.59,81.38,100.42,100.58,NA,NA,24.62,22.58
1,4,2021,Hatyai,25.22,29.65,0,NA,NA,W,30,W,WSW,1.9,3.01,19.47,86.12,100.34,100.5,NA,NA,24.58,22.33
2,4,2021,Hatyai,25.2,31.38,0,NA,NA,NNW,35,S,ENE,2.69,3.02,19.04,81.69,100.28,100.44,NA,NA,24.55,22.12
3,4,2021,Hatyai,25.19,31.01,0,NA,NA,WNW,52,NE,NNE,1.45,3.09,19.41,82,100.24,100.43,5,NA,24.55,21.95
4,4,2021,Hatyai,25.94,28.98,0.2,NA,NA,WNW,57,W,WNW,1.55,3.27,20.02,88.12,100.26,100.43,NA,NA,24.63,22.14
5,4,2021,Hatyai,26.33,28.98,0,NA,NA,SW,50,WSW,W,1.34,3.43,19.41,85.12,100.32,100.47,NA,NA,24.75,24.46
6,4,2021,Hatyai,25.8,29.57,0,NA,NA,WSW,30,NA,WNW,2.48,3.5,19.71,86.62,100.39,100.53,NA,NA,24.88,25.58
7,4,2021,Hatyai,25.78,29.77,0,NA,NA,W,37,S,W,2.1,3.93,19.35,84.5,100.47,100.6,NA,NA,25.69,26.58
8,4,2021,Hatyai,25.5,30.34,0,NA,NA,SSE,24,E,SSE,1.74,4.67,18.37,80.5,100.53,100.69,NA,NA,26.35,27.51
9,4,2021,Hatyai,25.23,30.37,0,NA,NA,NNE,24,SSE,NE,1.98,5.43,18.55,81.44,100.54,100.73,NA,NA,26.84,28.15
10,4,2021,Hatyai,25.08,30.44,0,NA,NA,NE,50,ESE,E,2.38,5.95,18.86,82,100.52,100.69,NA,NA,27.44,28.51
11,4,2021,Hatyai,25.16,30.37,1.2,NA,NA,NE,44,NE,N,2.73,6.18,19.17,84,100.46,100.63,NA,NA,27.9,28.62
12,4,2021,Hatyai,25.28,29.54,0,NA,NA,W,37,ENE,S,2.57,6.23,19.29,85.69,100.35,100.53,NA,8,28.02,28.48
13,4,2021,Hatyai,25.66,29.12,5.8,NA,NA,ENE,31,NA,S,1.82,6.08,19.53,85.81,100.24,100.42,8,NA,27.92,28.1
14,4,2021,Hatyai,25.76,29.59,3,NA,NA,SW,69,E,N,0.99,5.65,18.92,81.56,100.17,100.33,NA,4,27.45,27.51
15,4,2021,Hatyai,25.55,30.2,11.6,NA,NA,WNW,39,W,NW,0.8,5.14,18.55,78.69,100.15,100.31,NA,8,26.94,26.45
16,4,2021,Hatyai,25.94,30.58,0,NA,NA,W,39,S,WNW,1.34,4.61,19.29,81.75,100.2,100.32,NA,6,26.33,24.58
17,4,2021,Hatyai,25.61,31.08,0,NA,NA,WNW,35,SSE,WSW,1.18,4.05,18.55,78.5,100.26,100.35,NA,NA,25.75,24.01
18,4,2021,Hatyai,26.09,31.48,0,NA,NA,NW,52,SSE,NW,0.84,4.29,18.8,77.62,100.34,100.41,NA,NA,25.43,23.65
19,4,2021,Hatyai,25.59,30.29,0,NA,NA,WSW,24,S,SW,1.99,5.18,18.98,82.5,100.43,100.5,NA,NA,25.41,23.36
20,4,2021,Hatyai,24.94,30.54,0,NA,NA,SSE,22,NE,N,1.68,5.61,19.1,82.56,100.5,100.58,NA,NA,25.48,23.17
21,4,2021,Hatyai,25.6,29.4,0,NA,NA,NNW,28,NA,NNE,1.7,5.76,19.65,85.88,100.54,100.61,NA,2,25.54,23.04
22,4,2021,Hatyai,25.69,29.26,0,NA,NA,NE,37,E,NNE,2.23,5.44,20.08,89.06,100.52,100.59,3,1,25.55,22.87
23,4,2021,Hatyai,25.39,28.98,0,NA,NA,NW,37,NA,WNW,2.38,5.28,19.53,87.94,100.48,100.56,NA,NA,25.49,22.69
24,4,2021,Hatyai,25.3,28.49,0,NA,NA,S,48,SSE,WNW,2.45,5.14,19.59,90,100.42,100.51,NA,NA,25.37,22.48
25,4,2021,Hatyai,24.65,30.79,0.4,NA,NA,ENE,30,SSE,SSE,2.15,4.95,19.1,83.31,100.35,100.46,8,8,25.26,22.3
26,4,2021,Hatyai,25.12,31.37,1.8,NA,NA,WSW,33,NA,WNW,1.63,4.56,18.92,80.69,100.28,100.41,NA,6,25.14,22.16
27,4,2021,Hatyai,25.22,30.21,0,NA,NA,WNW,43,NA,W,1.49,4.45,18.49,80.12,100.25,100.39,NA,NA,25.1,22.05
28,4,2021,Hatyai,25.55,30.3,0,NA,NA,NNW,24,N,N,1.36,4.38,18.74,80.06,100.27,100.4,NA,NA,25.09,22.24
29,4,2021,Hatyai,26.19,29.06,0,NA,NA,S,22,NA,SE,1.38,4.28,19.41,83.94,100.33,100.43,NA,NA,25.08,24.34
30,4,2021,Hatyai,26.14,28.23,0,NA,NA,ENE,22,NA,SE,1.92,4.24,20.08,90.31,100.39,100.47,NA,NA,25.12,25.46
1,5,2021,Hatyai,25.62,29.53,0,NA,NA,WSW,26,S,SSW,1.82,4.77,19.71,86.31,100.46,100.54,NA,NA,25.8,26.4
2,5,2021,Hatyai,25.99,29.56,0,NA,NA,SE,22,NA,ENE,2.12,5.37,20.14,87.25,100.53,100.62,NA,NA,26.35,27.23
3,5,2021,Hatyai,26.13,29.92,0,NA,NA,NE,28,NA,ENE,2.62,5.85,20.26,87.12,100.55,100.62,NA,NA,26.83,27.81
4,5,2021,Hatyai,25.94,29.26,8.6,NA,NA,W,98,E,NNE,2.05,6.19,20.26,87.75,100.52,100.58,8,6,27.29,28.13
5,5,2021,Hatyai,26.09,29.58,12.6,NA,NA,W,43,NA,WSW,1.59,6.4,19.9,86.19,100.44,100.52,NA,NA,27.59,28.23
6,5,2021,Hatyai,25.39,29.43,0,NA,NA,WSW,31,E,NW,1.91,6.47,19.1,86,100.32,100.43,NA,NA,27.66,28.12
7,5,2021,Hatyai,25.72,29.79,0,NA,NA,W,35,SSE,WSW,2.2,6.52,19.78,86.19,100.2,100.33,NA,NA,27.58,27.83
8,5,2021,Hatyai,26.3,29.54,0,NA,NA,SE,28,S,S,1.77,6.53,19.71,85.5,100.11,100.25,NA,NA,27.39,27.32
9,5,2021,Hatyai,26.05,29.62,0,NA,NA,SSE,17,SSE,SSE,1.65,6.38,19.59,84.31,100.08,100.24,NA,NA,27.08,26.33
10,5,2021,Hatyai,25.98,29.83,0,NA,NA,ENE,22,ESE,S,1.67,6.03,20.08,85.5,100.1,100.26,NA,NA,26.57,24.65
11,5,2021,Hatyai,26.06,31.05,0,NA,NA,W,48,SE,NE,2.04,5.27,20.51,85.25,100.15,100.3,8,7,25.9,24.13
12,5,2021,Hatyai,26.69,30.43,8.4,NA,NA,W,46,S,E,1.57,4.65,20.57,85.12,100.24,100.36,8,6,25.33,23.8
13,5,2021,Hatyai,26.64,30.84,6.2,NA,NA,WSW,20,NA,SE,1.37,4.57,20.39,83.12,100.33,100.42,8,NA,25.25,23.53
14,5,2021,Hatyai,26.44,32.08,0,NA,NA,NNE,19,ENE,SSW,1.39,4.46,19.71,78.69,100.39,100.49,NA,NA,25.23,23.26
15,5,2021,Hatyai,26.77,31.51,0,NA,NA,WNW,30,NA,W,1.68,4.24,20.02,80.5,100.4,100.5,6,NA,25.18,22.93
16,5,2021,Hatyai,27.23,31.66,0,NA,NA,W,63,NW,W,1.07,4.2,19.17,74.88,100.38,100.47,2,NA,25.14,22.58
17,5,2021,Hatyai,26.51,30.4,0,NA,NA,W,31,NA,WNW,1.31,4.17,20.32,83.38,100.34,100.45,NA,NA,25.09,22.21
18,5,2021,Hatyai,26.22,29.69,0,NA,NA,WNW,26,ENE,W,2.04,4.25,20.51,88.31,100.29,100.42,5,1,25.02,21.85
19,5,2021,Hatyai,26.01,30.31,0,NA,NA,W,24,SSE,W,1.15,4.35,19.1,81.12,100.23,100.35,NA,NA,24.98,21.53
20,5,2021,Hatyai,25.44,30.84,0,NA,NA,SE,31,SE,SE,2.13,4.62,19.47,83.19,100.18,100.29,NA,NA,24.97,21.27
21,5,2021,Hatyai,25.39,29.65,0,NA,NA,SSE,28,SE,SE,2.49,4.79,19.78,87,100.15,100.28,NA,NA,24.94,21.12
22,5,2021,Hatyai,24.96,30.1,0,NA,NA,ESE,17,ENE,SSE,2.51,4.82,19.41,85.06,100.16,100.31,NA,NA,24.91,21.39
23,5,2021,Hatyai,25.55,31.49,0,NA,NA,ESE,17,NA,SW,2.02,4.75,19.17,80.19,100.2,100.36,NA,NA,24.9,23.83
24,5,2021,Hatyai,25.3,31.55,0,NA,NA,NE,33,NA,NE,1.93,4.6,19.35,81.25,100.26,100.42,NA,NA,24.93,25.24
25,5,2021,Hatyai,25.94,29.72,0,NA,NA,WNW,39,ESE,NNE,1.89,4.95,20.2,87.25,100.34,100.51,8,8,25.62,26.32
26,5,2021,Hatyai,25.22,30.9,20,NA,NA,W,70,WNW,NNW,1.82,5.58,19.1,83.38,100.41,100.58,8,8,26.25,27.16
27,5,2021,Hatyai,24.85,29.77,21,NA,NA,NNW,63,NW,WNW,2.29,6.01,19.47,86.62,100.44,100.58,8,8,26.79,27.76
28,5,2021,Hatyai,25.6,29.58,3.2,NA,NA,NW,26,N,NNW,2.32,6.1,19.96,87.25,100.41,100.53,8,8,27.31,28.08
29,5,2021,Hatyai,25.83,31.26,4.8,NA,NA,WNW,35,W,W,1.2,6.25,19.78,81.25,100.35,100.47,8,1,27.63,28.14
30,5,2021,Hatyai,26.85,30.06,0,NA,NA,SSE,19,SE,SSE,0.91,6.49,20.14,82.81,100.25,100.36,NA,8,27.76,28
31,5,2021,Hatyai,26.46,29.92,0,NA,NA,SW,19,NA,SW,1.12,6.73,20.26,84.06,100.15,100.25,NA,NA,27.74,27.66
1,6,2021,Hatyai,26.7,29.26,0,NA,NA,SW,19,NA,WSW,0.95,6.82,20.14,84.38,100.06,100.17,NA,NA,27.62,27.12
2,6,2021,Hatyai,25.75,30.92,0,NA,NA,SW,22,ENE,W,1.38,6.83,20.14,83.88,100.05,100.16,8,4,27.36,26.05
3,6,2021,Hatyai,26.01,31.01,0,NA,NA,S,15,N,SSE,1.13,6.45,20.81,85.94,100.08,100.2,NA,NA,26.9,24.4
4,6,2021,Hatyai,26.44,27.86,0,NA,NA,W,19,ENE,WSW,1.85,5.75,20.94,92.38,100.14,100.24,NA,NA,26.25,23.98
5,6,2021,Hatyai,26.05,29.07,0,NA,NA,ESE,15,NA,SE,2.69,5.34,20.45,89.88,100.23,100.29,NA,NA,25.62,23.72
6,6,2021,Hatyai,25.59,29.04,0,NA,NA,SW,20,ENE,WNW,2.46,5.42,20.02,89.06,100.32,100.36,NA,NA,25.47,23.51
7,6,2021,Hatyai,25.65,29.09,0,NA,NA,SW,20,SE,WNW,2.2,5.25,19.9,87.81,100.37,100.4,NA,NA,25.39,23.27
8,6,2021,Hatyai,25.69,29.65,0,NA,NA,W,15,NA,W,1.83,5.07,19.47,84.88,100.37,100.41,NA,NA,25.36,23.01
9,6,2021,Hatyai,25.61,29.54,0,NA,NA,W,17,NA,WSW,1.86,5,19.47,85.81,100.31,100.39,NA,NA,25.3,22.76
10,6,2021,Hatyai,25.44,28.83,0,NA,NA,SE,17,NA,SE,1.84,5.16,18.49,83.75,100.26,100.37,NA,NA,25.25,22.51
11,6,2021,Hatyai,24.82,29.96,0,NA,NA,ESE,15,NNW,S,1.79,5.06,19.23,84.12,100.19,100.34,8,NA,25.15,22.25
12,6,2021,Hatyai,24.94,30.4,0,NA,NA,W,26,ENE,WNW,1.92,5.11,18.8,81.56,100.12,100.29,NA,NA,25.08,21.99
13,6,2021,Hatyai,25.44,30.31,0,NA,NA,WNW,28,SE,W,2.08,5.01,19.29,83.25,100.07,100.25,NA,8,25.04,21.73
14,6,2021,Hatyai,25.26,29.61,0,NA,NA,WNW,35,WNW,WNW,1.53,4.97,19.1,83.69,100.07,100.25,8,8,25.01,21.58
15,6,2021,Hatyai,25.05,29.98,0,NA,NA,WNW,54,NW,NW,1.99,4.61,19.04,83.44,100.11,100.27,8,7,24.96,21.85
16,6,2021,Hatyai,25.12,30.88,1.8,NA,NA,W,52,W,WSW,1.07,4.09,19.04,81,100.16,100.32,8,8,24.92,23.89
17,6,2021,Hatyai,26.26,29.51,0,NA,NA,W,20,E,E,0.95,3.76,19.53,83.38,100.26,100.38,4,NA,24.96,25.23
18,6,2021,Hatyai,25.45,30.55,0,NA,NA,E,13,NA,ENE,0.66,4.09,17.76,75.12,100.36,100.46,NA,NA,25.9,26.23
19,6,2021,Hatyai,25.51,29.1,0,NA,NA,SSE,19,NA,SSE,1.47,4.74,19.04,83.81,100.43,100.54,NA,NA,26.67,26.95
20,6,2021,Hatyai,25.28,29.82,0,NA,NA,E,13,SSE,ENE,2.3,5.43,19.17,84.62,100.42,100.55,7,7,27.26,27.37
21,6,2021,Hatyai,25.33,28.58,0,NA,NA,SE,20,NA,SE,2.65,5.9,19.1,86.94,100.39,100.53,NA,NA,27.74,27.54
22,6,2021,Hatyai,25.24,30.83,0,NA,NA,SE,24,S,SE,1.55,6.19,18.43,79.19,100.33,100.49,NA,NA,28.05,27.53
23,6,2021,Hatyai,25.43,28.58,0,NA,NA,E,30,NE,SE,2.14,6.43,18.92,85.62,100.24,100.4,NA,NA,28.19,27.32
24,6,2021,Hatyai,25.26,29.5,0,NA,NA,SE,20,NA,SE,1.66,6.74,18.37,81.12,100.13,100.3,NA,NA,28.19,26.91
25,6,2021,Hatyai,24.94,29.44,0,NA,NA,NE,31,SE,NE,2.38,7.04,19.04,85.5,100.05,100.22,2,8,28.14,26.36
26,6,2021,Hatyai,24.86,30.89,4.2,NA,NA,E,19,E,SSE,1.66,7.17,18.55,79.94,100.02,100.2,8,3,27.92,25.45
27,6,2021,Hatyai,25.33,29.38,0.8,NA,NA,W,20,NA,WSW,1.21,6.73,18.62,81.25,100.05,100.23,8,NA,27.45,24.48
28,6,2021,Hatyai,25.33,29.7,0,NA,NA,SSE,13,NA,S,1.84,5.95,19.29,84.88,100.1,100.28,NA,NA,26.67,24.18
29,6,2021,Hatyai,25.22,28.7,0,NA,NA,ESE,33,NA,SE,2.43,5.4,19.04,87,100.18,100.34,NA,NA,25.78,24.08
30,6,2021,Hatyai,24.33,30.25,0,NA,NA,SE,26,NA,SE,1.59,5.55,18.37,80.5,100.28,100.42,NA,NA,25.53,24.01
1,7,2021,Hatyai,25.18,30.5,0,NA,NA,NW,44,NA,SE,0.98,5.48,17.64,73.94,100.36,100.49,NA,NA,25.41,23.91
2,7,2021,Hatyai,25.87,29.55,1.2,NA,NA,SE,13,NA,NA,1.12,5.28,18.55,79.19,100.39,100.5,8,8,25.33,23.73
3,7,2021,Hatyai,25.46,29.3,1.4,NA,NA,SE,13,NA,ESE,1.84,4.96,19.35,85,100.36,100.49,8,8,25.23,23.5
4,7,2021,Hatyai,25.36,29.65,4.8,NA,NA,SE,13,ENE,SE,2.37,4.69,19.78,87.06,100.32,100.47,8,8,25.14,23.26
5,7,2021,Hatyai,25.62,28.89,8,NA,NA,ENE,13,NW,E,2.63,4.62,19.9,89.56,100.26,100.44,8,7,25.08,22.87
6,7,2021,Hatyai,25.37,27.92,0,NA,NA,W,20,NNE,W,2.63,4.58,19.9,92.06,100.2,100.38,NA,NA,24.99,22.55
7,7,2021,Hatyai,24.8,28.74,0.2,NA,NA,ESE,11,E,NA,1.6,4.62,18.98,85.62,100.16,100.34,8,8,24.9,22.41
8,7,2021,Hatyai,25.51,29.06,14.4,NA,NA,NNW,30,NNW,NNW,1.38,4.62,18.86,83.75,100.15,100.35,8,8,24.81,22.56
9,7,2021,Hatyai,25.12,28.87,4.6,NA,NA,WNW,33,WNW,WNW,2.52,4.48,19.1,87.56,100.18,100.39,8,8,24.69,23.01
10,7,2021,Hatyai,24.69,28.4,2,NA,NA,W,43,NNW,WNW,1.94,4.23,19.04,87.94,100.21,100.43,8,8,24.58,24.67
11,7,2021,Hatyai,24.94,28.55,5.6,NA,NA,WNW,37,W,WSW,1.48,3.88,18.74,86.12,100.28,100.46,NA,4,24.61,25.69
12,7,2021,Hatyai,24.56,29.83,0,NA,NA,SE,13,NA,ESE,1.64,4.21,18.68,82.75,100.38,100.52,NA,1,25.66,26.45
13,7,2021,Hatyai,25.32,28.92,0,NA,NA,ESE,15,E,SSE,1.23,4.9,18.74,83.81,100.46,100.58,8,7,26.4,27
14,7,2021,Hatyai,24.82,28.73,0,NA,NA,ENE,28,E,NE,2.2,5.47,18.8,86.94,100.47,100.57,NA,4,27.11,27.36
15,7,2021,Hatyai,24.61,29.17,0,NA,NA,NNE,24,NA,NE,2.03,5.97,18.25,83.12,100.44,100.54,NA,NA,27.64,27.51
16,7,2021,Hatyai,25.33,29.87,0.4,NA,NA,ESE,13,NNE,NA,1.23,6.41,18.92,82.44,100.38,100.49,NA,NA,27.89,27.55
17,7,2021,Hatyai,26.08,30.45,0,NA,NA,SE,17,NA,ESE,1.15,6.78,19.59,82.94,100.29,100.42,NA,NA,27.95,27.44
18,7,2021,Hatyai,25.45,29.8,0,NA,NA,WSW,13,NA,W,1.78,7.09,19.65,85.06,100.18,100.34,NA,NA,27.91,27.14
19,7,2021,Hatyai,25.29,30.19,0,NA,NA,N,11,N,NA,1.45,7.26,18.98,81.88,100.09,100.28,8,NA,27.61,26.61
20,7,2021,Hatyai,25.25,31.6,0,NA,NA,ESE,13,NE,SE,1.99,7.39,18.43,78.25,100.08,100.26,NA,NA,27.25,25.76
21,7,2021,Hatyai,25.33,30.16,0,NA,NA,NNE,28,NE,NE,1.97,7.32,20.08,87.44,100.11,100.28,7,8,26.76,24.76
22,7,2021,Hatyai,25.39,30.46,1.6,NA,NA,ENE,46,NW,ENE,1.83,6.77,19.96,85.31,100.18,100.31,1,1,26.01,24.46
23,7,2021,Hatyai,25.96,30.58,5.6,NA,NA,SE,19,SE,ENE,2.16,6.09,20.2,86.06,100.27,100.35,1,8,25.33,24.3
24,7,2021,Hatyai,25.83,30.57,0,NA,NA,W,35,ENE,SSE,2.12,5.66,19.78,84.75,100.38,100.42,8,6,25.12,24.17
25,7,2021,Hatyai,25.58,30.48,6,NA,NA,ESE,41,ESE,SE,2.32,5.24,20.26,87.31,100.47,100.49,8,5,25.03,24.08
26,7,2021,Hatyai,25.44,31.16,0,NA,NA,NNW,24,ESE,N,2.64,4.77,19.9,85.44,100.48,100.51,7,8,24.94,24.05
27,7,2021,Hatyai,25.3,30.46,4.4,NA,NA,SE,46,ESE,ESE,2.44,4.32,19.96,86.5,100.45,100.5,7,NA,24.87,24.01
28,7,2021,Hatyai,25.77,30.13,0,NA,NA,SSE,22,SE,SE,2.91,4,20.08,86.88,100.41,100.47,8,8,24.79,23.87
29,7,2021,Hatyai,25.65,29.29,5.4,NA,NA,W,22,WSW,NNW,2.62,3.83,19.78,87.81,100.36,100.43,7,8,24.72,23.69
30,7,2021,Hatyai,25.35,28.98,3.6,NA,NA,NE,26,NE,NNE,2.99,3.76,19.53,88.88,100.3,100.36,8,8,24.58,23.55
31,7,2021,Hatyai,24.84,29.37,2,NA,NA,NW,72,NE,NE,2.73,3.71,19.47,88.25,100.23,100.3,8,8,24.46,23.44
1,8,2021,Hatyai,25.08,29.42,8.4,NA,NA,NW,52,N,NW,3.04,3.67,19.53,88.06,100.21,100.33,8,5,24.33,23.4
2,8,2021,Hatyai,25.22,29.8,5,NA,NA,WNW,54,NW,WNW,2.83,3.47,19.47,86.69,100.22,100.4,8,4,24.16,23.64
3,8,2021,Hatyai,25.53,29.67,7.8,NA,NA,W,61,W,WSW,2.82,3.16,19.78,88,100.24,100.44,8,1,24.01,25.05
4,8,2021,Hatyai,25.16,30.05,0,NA,NA,WNW,39,WNW,WNW,2.86,3.04,19.84,87.62,100.3,100.47,8,8,24.09,26.02
5,8,2021,Hatyai,25.37,29.58,0,NA,NA,W,31,W,W,2.9,3.36,19.9,88.44,100.39,100.52,NA,NA,25.48,26.73
6,8,2021,Hatyai,25.07,30.17,0,NA,NA,ENE,19,NNE,WSW,1.67,4.05,19.35,84.5,100.49,100.59,8,NA,26.13,27.18
7,8,2021,Hatyai,25.15,30.01,0,NA,NA,E,19,NA,ENE,1.91,4.48,19.59,85.94,100.53,100.61,NA,NA,26.58,27.33
8,8,2021,Hatyai,25.33,30.81,0,NA,NA,E,17,NA,ESE,1.95,5.07,19.35,83.62,100.52,100.59,NA,NA,26.9,27.33
9,8,2021,Hatyai,25.43,30.3,0.2,NA,NA,ESE,13,NA,SE,2.23,5.73,19.9,86.81,100.49,100.53,NA,NA,27.05,27.26
10,8,2021,Hatyai,25.46,29.76,0,NA,NA,E,13,NA,SSE,2.37,6.26,20.14,88.88,100.39,100.46,NA,NA,26.95,27.16
11,8,2021,Hatyai,25.68,29.1,0.6,NA,NA,NE,24,NA,NE,2.96,6.52,20.02,89.75,100.28,100.36,7,1,26.8,26.88
12,8,2021,Hatyai,25.22,29.53,0.6,NA,NA,NNW,33,SSE,NNW,1.53,6.58,19.17,85.06,100.2,100.27,2,6,26.63,26.4
13,8,2021,Hatyai,25.32,29.59,1,NA,NA,WNW,41,N,NNW,2.02,6.49,19.35,85.75,100.18,100.24,8,8,26.37,25.55
14,8,2021,Hatyai,24.8,29.75,6.8,NA,NA,W,30,N,SSW,1.54,5.97,19.04,85.19,100.22,100.25,8,8,26.01,24.47
15,8,2021,Hatyai,25.05,29.3,1.8,NA,NA,WSW,22,ENE,NA,1.38,5.26,18.74,86,100.28,100.27,8,NA,25.52,24.07
16,8,2021,Hatyai,24.77,27.64,0,NA,NA,WNW,24,NA,WSW,1.44,4.8,18.13,85.19,100.36,100.31,NA,NA,25.05,23.82
17,8,2021,Hatyai,25.05,29.26,0.2,NA,NA,N,17,NNE,SW,1.23,4.51,18.43,83.06,100.45,100.38,NA,NA,24.9,23.64
18,8,2021,Hatyai,25.23,29.01,0,NA,NA,N,20,NA,N,1.45,4.16,18.31,83.38,100.51,100.46,7,5,24.8,23.46
19,8,2021,Hatyai,24.57,27.86,0.6,NA,NA,NNE,24,ESE,NE,1.69,3.73,18.49,87.44,100.52,100.5,8,8,24.68,23.21
20,8,2021,Hatyai,24.42,29.76,0.2,NA,NA,NW,39,NA,N,1.12,3.55,18.43,83.56,100.5,100.5,8,NA,24.58,22.98
21,8,2021,Hatyai,25.25,29.44,0,NA,NA,N,43,ENE,ENE,0.86,3.38,18.8,84.69,100.48,100.49,NA,NA,24.53,22.74
22,8,2021,Hatyai,24.67,29.1,0,NA,NA,W,44,ENE,NNW,2.45,3.21,18.8,86.31,100.44,100.46,7,8,24.43,22.6
23,8,2021,Hatyai,24.62,28.83,9.8,NA,NA,WNW,26,W,W,2.41,3.08,18.68,86.69,100.36,100.4,7,7,24.29,22.69
24,8,2021,Hatyai,24.72,28.62,0,NA,NA,NW,22,NA,NNW,3.26,3.02,18.8,88.19,100.29,100.32,NA,2,24.19,22.88
25,8,2021,Hatyai,24.21,29.57,0,NA,NA,NE,20,NA,NE,2.86,3.06,18.13,83.69,100.26,100.28,NA,NA,24.23,23.04
26,8,2021,Hatyai,24.97,29.29,0,NA,NA,SSE,13,NA,E,1.95,3.12,18.8,85.38,100.28,100.28,5,NA,24.26,23.27
27,8,2021,Hatyai,24.4,29.56,0,NA,NA,N,20,ENE,NNW,1.3,3.18,18.49,82.75,100.31,100.31,8,8,24.23,24.9
28,8,2021,Hatyai,25.08,29.76,3.8,NA,NA,WNW,31,NW,WNW,1.3,3.3,18.55,81.44,100.37,100.36,8,8,24.29,25.9
29,8,2021,Hatyai,25.36,30.13,2.4,NA,NA,WNW,24,NW,WSW,0.81,3.84,17.94,77.12,100.48,100.43,8,8,25.19,26.66
30,8,2021,Hatyai,25.05,29.98,0.2,NA,NA,NNW,22,NA,WNW,0.72,4.62,18.62,80.38,100.58,100.52,7,7,25.68,27.3
31,8,2021,Hatyai,24.74,28.01,5.2,NA,NA,W,35,W,WSW,2.27,5.17,19.17,89.38,100.62,100.55,5,8,26.13,27.73
1,9,2021,Hatyai,24.15,29.4,0.2,NA,NA,W,30,NA,WNW,1.97,5.57,18.43,84.94,100.6,100.52,7,3,26.76,27.94
2,9,2021,Hatyai,24.78,28,0.8,NA,NA,NNW,30,SW,NNW,2.51,5.9,18.86,88.88,100.55,100.46,1,6,27.22,27.89
3,9,2021,Hatyai,24.02,29.3,0.8,NA,NA,NNW,37,W,WNW,1.55,6.12,18.19,83.69,100.46,100.38,NA,NA,27.4,27.58
4,9,2021,Hatyai,25.13,29.73,0,NA,NA,SSE,17,NA,ENE,0.84,6.26,17.64,78.38,100.36,100.29,1,NA,27.4,27.09
5,9,2021,Hatyai,24.26,30.54,5.4,NA,NA,NNE,19,ENE,S,1.85,6.39,18.43,82.12,100.28,100.2,8,8,27.22,26.4
6,9,2021,Hatyai,24.45,30.37,0.4,NA,NA,N,35,NA,NE,1.38,6.42,17.58,78.25,100.27,100.17,7,NA,26.94,25.33
7,9,2021,Hatyai,24.94,30.09,0.8,NA,NA,WNW,57,WNW,WSW,2.48,6.22,18.98,84.62,100.31,100.17,8,8,26.55,24
8,9,2021,Hatyai,24.65,29.35,4.2,NA,NA,WNW,24,E,WSW,3.03,5.56,19.23,88,100.37,100.2,NA,NA,25.88,23.62
9,9,2021,Hatyai,24.82,28.41,0,NA,NA,ESE,15,S,E,3.26,5.25,19.41,90.25,100.46,100.25,NA,NA,25.19,23.42
10,9,2021,Hatyai,25.07,28.87,0.2,NA,NA,SE,20,SSE,SE,2.55,5.37,19.23,87.75,100.54,100.33,NA,NA,25.06,23.23
11,9,2021,Hatyai,25.15,28.9,0.4,NA,NA,NNE,43,E,NNW,1.4,5.16,18.68,83.75,100.61,100.39,1,1,24.98,23.02
12,9,2021,Hatyai,24.86,29.63,4.8,NA,NA,W,24,SSE,NW,2.23,4.86,18.92,84.94,100.62,100.42,8,8,24.89,22.81
13,9,2021,Hatyai,24.5,28.56,0.2,NA,NA,NW,22,NW,N,3.02,4.57,18.43,86.69,100.56,100.4,8,7,24.82,22.57
14,9,2021,Hatyai,24.28,29.25,1.2,NA,NA,WSW,22,NA,WNW,2.49,4.3,17.88,83.12,100.5,100.4,8,NA,24.7,22.36
15,9,2021,Hatyai,23.98,27.71,0.2,NA,NA,NNE,24,SE,NE,1.8,4.09,16.05,76,100.44,100.37,8,NA,24.57,22.15
16,9,2021,Hatyai,25.06,30.23,1.6,NA,NA,W,39,NE,ENE,1.09,3.94,17.7,76.25,100.36,100.32,8,8,24.51,21.9
17,9,2021,Hatyai,25.71,29.96,3.2,NA,NA,WNW,37,W,WNW,1.36,3.78,19.1,83.69,100.32,100.27,1,NA,24.39,21.63
18,9,2021,Hatyai,25.58,30.74,0,NA,NA,WNW,15,NA,S,1.12,3.6,18.68,80,100.33,100.25,NA,2,24.26,21.47
19,9,2021,Hatyai,25.19,29.9,0,NA,NA,E,17,NE,S,2.48,3.51,19.29,85.62,100.38,100.26,8,1,24.12,21.74
20,9,2021,Hatyai,25.14,29.1,0,NA,NA,N,22,ESE,N,3.17,3.51,19.35,88.94,100.43,100.29,NA,NA,24.11,24.08
21,9,2021,Hatyai,24.68,28.73,1,NA,NA,WNW,59,NNE,WSW,2.52,3.59,19.17,88.75,100.49,100.34,3,8,24.22,25.44
22,9,2021,Hatyai,24.82,29.92,6.6,NA,NA,NE,26,SE,NNE,2.37,4.19,18.74,83.88,100.56,100.42,NA,NA,25.31,26.53
23,9,2021,Hatyai,24.53,30.22,3.8,NA,NA,NNE,26,ENE,NNE,0.93,5.04,18.13,78.81,100.63,100.51,3,3,26.09,27.4
24,9,2021,Hatyai,25.37,30.8,1.2,NA,NA,WNW,63,NNW,NW,0.9,5.96,18.31,77.62,100.64,100.54,NA,NA,26.75,27.97
25,9,2021,Hatyai,25.31,29.72,2,NA,NA,W,85,W,NW,1.11,6.74,18.31,79.81,100.59,100.5,3,NA,27.15,28.28
26,9,2021,Hatyai,25.41,29.97,3.6,NA,NA,NW,43,NNW,NW,1.02,7.8,18.49,80.69,100.54,100.45,NA,8,27.33,28.34
27,9,2021,Hatyai,25.86,29.23,0.4,NA,NA,N,30,ENE,N,1.16,8.66,18.98,83.81,100.48,100.36,NA,NA,27.12,28.14
28,9,2021,Hatyai,25.69,29.34,0,NA,NA,NNW,24,ESE,E,1.4,9.12,19.1,83.5,100.41,100.27,NA,NA,26.62,27.75
29,9,2021,Hatyai,25.9,30.86,4.2,NA,NA,W,59,NE,W,0.93,8.91,19.59,82.62,100.35,100.18,1,8,26.2,27.18
30,9,2021,Hatyai,25.12,29.96,13.4,NA,NA,WNW,56,W,W,1.63,8.37,18.55,81.31,100.33,100.16,8,8,25.92,26.08
1,10,2021,Hatyai,25.64,29.57,1.4,NA,NA,NW,39,NW,NW,1.2,7.46,19.35,84.88,100.34,100.17,7,5,25.44,24.22
2,10,2021,Hatyai,25.09,30.23,3,NA,NA,WNW,24,WNW,W,1.4,6.66,18.55,83,100.37,100.22,8,1,24.8,23.76
3,10,2021,Hatyai,25.4,30.58,0,NA,NA,ESE,24,ESE,E,0.62,6.15,18.43,78.31,100.42,100.3,NA,NA,24.23,23.52
4,10,2021,Hatyai,25.38,29.21,0,NA,NA,NE,43,SE,NE,1.38,5.95,19.35,85.25,100.49,100.39,NA,NA,24.15,23.35
5,10,2021,Hatyai,24.98,27.73,1.4,NA,NA,NW,35,ESE,WNW,2.71,5.73,18.68,88.81,100.57,100.49,1,NA,24.15,23.17
6,10,2021,Hatyai,24.48,27.82,0,NA,NA,WNW,30,ESE,NW,3.2,5.66,18.62,89.25,100.6,100.54,NA,6,24.14,22.98
7,10,2021,Hatyai,24.35,29.95,0,NA,NA,NE,37,SE,NE,3.6,5.51,18.86,86.06,100.59,100.55,NA,NA,24.06,22.7
8,10,2021,Hatyai,24.41,29.76,0,NA,NA,W,41,ENE,W,3.29,5.11,19.41,88.06,100.58,100.53,NA,NA,23.9,22.33
9,10,2021,Hatyai,24.74,30.06,0,NA,NA,W,46,W,WSW,2.64,4.72,19.71,88.12,100.54,100.48,5,4,23.8,22.02
10,10,2021,Hatyai,25.27,30.12,0,NA,NA,W,35,W,WNW,3.02,4.27,19.78,87.94,100.46,100.4,8,8,23.69,21.78
11,10,2021,Hatyai,24.92,30.91,0,NA,NA,NA,NA,E,WNW,2.98,3.94,19.59,85.75,100.39,100.34,NA,6,23.58,21.58
12,10,2021,Hatyai,25.03,29.53,NA,NA,NA,N,31,SE,NNE,2.52,3.73,18.98,86.12,100.35,100.31,NA,NA,23.48,21.4
13,10,2021,Hatyai,24.99,29.52,0,NA,NA,NE,39,SE,NE,2.38,3.63,19.71,87.5,100.36,100.34,NA,NA,23.34,21.62
14,10,2021,Hatyai,25.18,29.65,0,NA,NA,NNE,35,E,WNW,1.87,3.63,20.02,87.81,100.41,100.38,NA,NA,23.25,24.22
15,10,2021,Hatyai,25.36,30.51,0,NA,NA,SW,24,NE,NNW,1.24,3.47,19.04,81.44,100.49,100.46,NA,NA,23.31,25.49
16,10,2021,Hatyai,25.76,28.31,0,NA,NA,S,20,ESE,S,1.47,3.76,19.29,86.31,100.58,100.53,NA,NA,24.59,26.49
17,10,2021,Hatyai,25.44,28.53,0,NA,NA,E,17,E,ESE,1.97,4.51,18.49,82.81,100.65,100.62,NA,NA,25.4,27.35
18,10,2021,Hatyai,25.01,29.87,0,NA,NA,WNW,24,E,NW,1.13,5.15,18.62,81.69,100.66,100.65,NA,7,25.98,27.98
19,10,2021,Hatyai,26.44,29.23,10.2,NA,NA,WNW,46,NA,NA,1.18,5.73,19.47,84.38,100.63,100.63,NA,NA,26.61,28.35
20,10,2021,Hatyai,26.1,29,0,NA,NA,NNW,22,NE,WNW,1.53,6.22,19.1,84.5,100.57,100.57,8,8,26.98,28.5
21,10,2021,Hatyai,24.56,28.6,0.4,NA,NA,W,33,NA,W,1.43,6.5,18.37,84.12,100.49,100.49,8,NA,27.16,28.37
22,10,2021,Hatyai,24.96,28.94,0.2,NA,NA,NE,43,ESE,ENE,1.21,6.67,18.68,84.88,100.39,100.41,NA,NA,27.15,27.99
23,10,2021,Hatyai,25.61,29.69,8.4,NA,NA,NNE,50,NNW,N,1.46,6.79,18.92,82.88,100.31,100.32,8,1,26.94,27.41
24,10,2021,Hatyai,25.81,28.94,28.8,NA,NA,W,56,W,WSW,1.88,6.8,19.35,86.25,100.29,100.29,5,8,26.56,26.19
25,10,2021,Hatyai,25.83,28.9,1.4,NA,NA,NW,41,WNW,NW,2.36,6.33,19.1,85.62,100.33,100.29,NA,4,26.01,24.54
26,10,2021,Hatyai,25.58,28.21,0,NA,NA,NNW,44,NNE,N,1.95,5.45,19.41,87.38,100.38,100.32,2,7,25.23,24.01
27,10,2021,Hatyai,26.12,30.01,6,NA,NA,WNW,56,WNW,W,1.73,4.74,19.35,83.25,100.45,100.38,7,6,24.38,23.61
28,10,2021,Hatyai,25.33,29.85,1.6,NA,NA,W,61,WNW,W,1.74,4.58,19.35,84.62,100.51,100.45,5,8,24.15,23.4
29,10,2021,Hatyai,24.8,28.91,0,NA,NA,W,43,W,W,2.47,4.41,19.71,88.94,100.58,100.53,NA,1,23.98,23.14
30,10,2021,Hatyai,25.37,28.7,0,NA,NA,NW,19,E,WNW,2.19,4.22,19.47,88.38,100.59,100.58,NA,NA,23.85,22.7
31,10,2021,Hatyai,25.21,29.04,0,NA,NA,NNW,35,E,NNE,1.23,3.98,18.43,83.56,100.56,100.58,NA,NA,23.75,22.39
1,11,2021,Hatyai,25.69,28.43,0,NA,NA,SSW,28,N,S,1.53,3.79,19.71,88.38,100.52,100.59,NA,NA,23.73,22.13
2,11,2021,Hatyai,25.55,28.47,0,NA,NA,SE,30,S,SSW,1.93,3.63,19.23,87.19,100.48,100.56,NA,NA,23.79,21.85
3,11,2021,Hatyai,25.29,28.05,3.2,NA,NA,SSE,31,ESE,ESE,1.87,3.35,18.74,87.5,100.41,100.52,7,7,23.71,21.58
4,11,2021,Hatyai,25.16,28.49,1.8,NA,NA,NNE,20,NA,SE,2.06,3.18,19.1,87.25,100.34,100.47,NA,1,23.64,21.41
5,11,2021,Hatyai,25.83,28.27,0.2,NA,NA,W,35,NA,SW,2.75,3.12,20.08,90.69,100.33,100.44,4,NA,23.55,21.31
6,11,2021,Hatyai,25.57,28.83,0,NA,NA,SE,37,ENE,SSE,1.59,3.16,19.78,88.62,100.34,100.46,2,2,23.48,21.54
7,11,2021,Hatyai,25.87,29.17,3.6,NA,NA,S,35,NA,SSW,2.7,3.19,20.2,88.44,100.37,100.52,NA,NA,23.48,23.88
8,11,2021,Hatyai,26.16,29.26,0,NA,NA,ESE,39,E,SE,3.02,3.23,20.45,88.75,100.42,100.57,NA,NA,23.64,25.19
9,11,2021,Hatyai,25.79,28.89,0,NA,NA,SSE,33,ESE,S,3.26,3.35,20.14,89.75,100.52,100.64,NA,NA,24.98,26.38
10,11,2021,Hatyai,26,28.3,0,NA,NA,SE,22,SE,S,3.52,4.36,19.78,88.5,100.62,100.71,NA,NA,25.92,27.61
11,11,2021,Hatyai,25.31,27.08,0,NA,NA,W,48,SE,NNE,2.43,4.85,19.35,91.06,100.65,100.74,NA,NA,26.49,28.55
12,11,2021,Hatyai,24.9,27.48,0,NA,NA,W,59,SSE,NE,2.8,5.05,19.35,91.56,100.62,100.71,NA,1,27.07,29.08
13,11,2021,Hatyai,25.22,26.81,2,NA,NA,N,50,N,NW,4.12,5.31,19.65,93.44,100.57,100.63,7,6,27.45,29.23
14,11,2021,Hatyai,24.89,28.51,7,NA,NA,W,65,WNW,W,1.98,5.57,19.1,88.25,100.49,100.53,8,1,27.62,29.11
15,11,2021,Hatyai,25.27,28.73,1.4,NA,NA,WNW,50,NW,WSW,1.3,5.84,18.74,85.25,100.39,100.42,8,8,27.58,28.75
16,11,2021,Hatyai,25.52,28.44,6.8,NA,NA,W,39,W,WNW,1.91,6.04,19.29,87.38,100.33,100.35,NA,4,27.23,28.13
17,11,2021,Hatyai,25.67,28.87,0,NA,NA,WSW,28,SE,W,2.74,6.05,20.02,90.19,100.32,100.32,NA,1,26.74,27.06
18,11,2021,Hatyai,25.44,27.87,0,NA,NA,NW,24,SSW,ESE,2.77,5.6,19.53,90.25,100.34,100.33,NA,8,26.33,25
19,11,2021,Hatyai,24.9,29.43,0,NA,NA,NE,19,WSW,NW,1.02,4.8,19.17,86,100.38,100.38,NA,NA,25.59,24.44
20,11,2021,Hatyai,25.54,29.36,0,NA,NA,NNW,30,SE,S,1.14,4.2,19.47,86.31,100.43,100.46,NA,NA,24.73,24.15
21,11,2021,Hatyai,25.65,29.02,0,NA,NA,SSE,20,ESE,SSE,1.48,4.01,19.35,87.19,100.5,100.54,NA,NA,24.54,23.89
22,11,2021,Hatyai,25.54,27.55,0,NA,NA,WSW,24,SE,SSE,1.84,3.98,19.65,91.31,100.55,100.62,NA,NA,24.42,23.62
23,11,2021,Hatyai,25.76,27.98,0,NA,NA,WNW,35,ENE,SW,2.46,3.99,20.26,91.94,100.56,100.66,NA,NA,24.19,23.34
24,11,2021,Hatyai,25.62,27.65,0,NA,NA,WSW,30,E,W,3.2,3.99,19.71,91.25,100.51,100.65,NA,NA,24.02,23.11
25,11,2021,Hatyai,25.4,28.8,0,NA,NA,SE,63,WSW,WSW,3.37,3.98,19.41,88.88,100.47,100.62,NA,NA,23.87,22.96
26,11,2021,Hatyai,24.8,26.29,0,NA,NA,SE,35,SE,SSE,1.59,3.88,18.43,90.06,100.41,100.58,NA,NA,23.73,22.87
27,11,2021,Hatyai,24.97,27.92,0,NA,NA,ENE,26,S,NNE,2.75,3.76,19.04,89.56,100.34,100.53,NA,NA,23.58,22.78
28,11,2021,Hatyai,25.3,26.66,0,NA,NA,W,19,SE,SE,3.56,3.69,19.23,91.5,100.28,100.47,NA,NA,23.41,22.64
29,11,2021,Hatyai,24.79,26.51,0,NA,NA,NNW,31,SE,N,3.1,3.63,19.53,94.12,100.25,100.45,NA,NA,23.26,22.49
30,11,2021,Hatyai,25.11,27.85,0,NA,NA,WSW,22,SE,S,3.11,3.62,19.35,91.12,100.27,100.48,NA,NA,23.15,22.88
1,12,2021,Hatyai,24.98,28.57,0,NA,NA,SSE,20,E,SE,2.58,3.59,19.65,90.12,100.31,100.52,NA,NA,23.14,24.58
2,12,2021,Hatyai,25.3,27.96,0,NA,NA,WNW,33,SE,SE,4.18,3.49,19.29,89,100.36,100.58,NA,NA,23.26,26.54
3,12,2021,Hatyai,25.05,27.87,0,NA,NA,S,20,SE,SE,3.7,3.38,18.37,87.38,100.45,100.64,NA,NA,24.97,27.64
4,12,2021,Hatyai,24.28,27.45,0,NA,NA,W,46,W,W,3.58,4.15,17.64,85.12,100.53,100.72,NA,NA,25.98,28.58
5,12,2021,Hatyai,23.1,26.81,0,NA,NA,WNW,39,WSW,WNW,3.55,4.39,16.48,83.69,100.54,100.75,NA,NA,26.56,29.3
6,12,2021,Hatyai,22.94,27.61,0,NA,NA,NE,44,SE,SE,2.93,4.42,16.42,82.62,100.49,100.73,NA,NA,27.09,29.81
7,12,2021,Hatyai,23.77,28.01,0,NA,NA,SSE,28,SE,S,3,4.59,17.4,84.56,100.42,100.67,NA,NA,27.49,30.09
8,12,2021,Hatyai,24.19,28.01,0,NA,NA,S,22,SE,S,3.48,4.79,18.01,86.69,100.31,100.56,NA,NA,27.67,30.08
9,12,2021,Hatyai,23.69,28.16,0,NA,NA,SSE,28,SE,E,3.34,4.86,17.4,83.81,100.2,100.45,NA,NA,27.67,29.74
10,12,2021,Hatyai,24.83,28.24,0,NA,NA,WSW,37,ESE,SSE,3.39,4.79,18.31,86.69,100.11,100.36,NA,NA,27.51,29.61
11,12,2021,Hatyai,24.37,27.82,0,NA,NA,SW,33,SE,SW,3.38,4.64,18.01,87.12,100.09,100.32,NA,NA,27.23,28.8
12,12,2021,Hatyai,23.73,28.17,0,NA,NA,ESE,26,SSE,SE,3.27,4.48,17.03,82.25,100.12,100.33,NA,NA,26.75,27.68
13,12,2021,Hatyai,24.4,28.19,0,NA,NA,WSW,43,E,SW,2.97,3.95,17.88,85,100.19,100.37,NA,NA,25.88,27.15
14,12,2021,Hatyai,24.76,28.19,0,NA,NA,SE,31,SE,SSE,3.46,3.7,18.07,85.62,100.28,100.44,NA,NA,24.69,26.71
15,12,2021,Hatyai,24.51,28.25,0,NA,NA,W,46,SSE,SSW,2.95,3.89,18.43,86.38,100.37,100.53,NA,NA,24.35,26.34
16,12,2021,Hatyai,25.01,27.25,0,NA,NA,W,35,ENE,W,2.34,4.04,18.62,88.75,100.45,100.61,NA,NA,24.11,25.9
17,12,2021,Hatyai,25.07,27.02,0,NA,NA,W,54,SSE,S,2.8,4.09,19.35,92,100.48,100.66,NA,NA,23.94,25.26
18,12,2021,Hatyai,25.3,27.9,0,NA,NA,SSE,30,SSE,SSE,3.9,4.06,19.23,89.75,100.47,100.67,NA,NA,23.77,24.33
19,12,2021,Hatyai,24.37,26.9,0,NA,NA,N,24,S,W,2.3,3.85,18.31,89.31,100.44,100.66,NA,NA,23.64,23.51
20,12,2021,Hatyai,24.08,28.12,0,NA,NA,NW,37,NNE,WNW,2.65,3.61,17.94,86.5,100.39,100.63,NA,NA,23.49,23.01
21,12,2021,Hatyai,24.65,27.44,0,NA,NA,NW,78,SSE,WNW,3.01,3.62,18.37,89,100.32,100.56,NA,1,23.35,22.66
22,12,2021,Hatyai,24.05,28.25,10.6,NA,NA,NE,37,NE,SSE,2.03,3.77,18.07,87.06,100.27,100.49,8,8,23.29,22.39
23,12,2021,Hatyai,24.26,28.59,25.8,NA,NA,NNW,61,NA,W,1.95,3.7,18.13,85.62,100.24,100.44,8,8,23.25,22.18
24,12,2021,Hatyai,24.26,29.07,0.4,NA,NA,W,24,WSW,S,1.53,3.58,18.37,86,100.25,100.45,NA,NA,23.21,22.37
25,12,2021,Hatyai,23.87,28.63,0,NA,NA,WNW,30,SSE,S,2.47,3.54,18.31,87.25,100.28,100.5,NA,1,23.19,24.32
26,12,2021,Hatyai,24.3,28.62,0,NA,NA,SE,24,S,S,3.04,3.43,18.07,85.44,100.33,100.57,NA,NA,23.3,25.83
27,12,2021,Hatyai,23.92,28.42,0,NA,NA,N,78,SE,WNW,2.82,3.93,17.88,85.62,100.4,100.65,1,4,24.79,27.42
28,12,2021,Hatyai,24.28,28.26,10.2,NA,NA,N,24,NE,NA,3.05,4.47,18.07,86.31,100.48,100.74,7,5,25.62,28.52
29,12,2021,Hatyai,24.93,28.21,0,NA,NA,W,52,WNW,NW,4.38,4.74,18.86,88.12,100.5,100.77,2,1,26.25,29.44
30,12,2021,Hatyai,25.25,27.89,9.4,NA,NA,WNW,46,WSW,WNW,5.21,4.75,18.68,87.81,100.47,100.74,8,4,26.82,30.07
31,12,2021,Hatyai,25.05,28.05,2.4,NA,NA,SE,50,SSE,SE,4.89,4.89,18.55,87.62,100.4,100.67,3,1,27.26,30.32
